categories88881,Romantic comedies
categories88882,Movies based on books
categories88883,Comedies
categories88884,Romantic movies
categories88885,Action and adventure
categories88886,Horror Movies
categories88887,Korean
categories88888,K-Drama based on Webtoon
categories88889,Social issue TV dramas
categories88890,Teen TV shows
categories88891,TV Dramas
categories88892,Sci-Fi TV
categories88893,TV horror
categories88894,US TV shows
categories88895,Japanese
categories88896,TV Shows based on manga
categories88897,School anime
categories88898,Shounen anime
categories88899,Anime series
categories88900,Docuseries
categories88901,Science & Nature Docs
categories88902,Science & Nature TV
categories88903,German
categories88904,Courtroom TV Shows