actor1,movie55551
actor2,movie55551
actor3,movie55551
actor4,movie55551
actor5,movie55551
actor6,movie55551
actor7,movie55551
actor8,movie55551
actor9,movie55551
actor10,movie55551
actor11,movie55552
actor12,movie55552
actor13,movie55552
actor14,movie55552
actor15,movie55552
actor16,movie55552
actor17,movie55552
actor18,movie55552
actor19,movie55552
actor20,movie55552
actor21,movie55552
actor22,movie55553
actor23,movie55553
actor24,movie55553
actor25,movie55553
actor26,movie55553
actor27,movie55553
actor28,movie55553
actor29,movie55553
actor30,movie55553
actor31,movie55553
actor32,movie55553
actor33,movie55554
actor34,movie55554
actor35,movie55554
actor36,movie55554
actor37,movie55554
actor38,movie55554
actor39,movie55554
actor40,movie55554
actor41,movie55554
actor42,movie55554
actor43,movie55554
actor44,movie55555
actor45,movie55555
actor46,movie55555
actor47,movie55555
actor48,movie55555
actor49,movie55555
actor50,movie55555
actor51,movie55555
actor52,movie55555
actor53,movie55555
