actor54,series66661
actor55,series66661
actor56,series66661
actor57,series66661
actor58,series66662
actor59,series66662
actor60,series66662
actor61,series66662
actor62,series66662
actor63,series66662
actor64,series66662
actor65,series66662
actor66,series66662
actor67,series66662
actor68,series66662
actor69,series66662
actor70,series66662
actor71,series66662
actor72,series66662
actor73,series66662
actor74,series66662
actor75,series66662
actor76,series66662
actor77,series66662
actor78,series66663
actor79,series66663
actor80,series66663
actor81,series66663
actor82,series66663
actor83,series66663
actor84,series66663
actor85,series66663
actor86,series66663
actor87,series66665
actor88,series66665
actor89,series66665
actor90,series66665
actor91,series66665
actor92,series66665
actor93,series66665
actor94,series66665
actor95,series66665
actor96,series66665
