series66661,categories88887
series66661,categories88888
series66661,categories88889
series66661,categories88890
series66661,categories88891
series66662,categories88890
series66662,categories88892
series66662,categories88893
series66662,categories88894
series66663,categories88895
series66663,categories88896
series66663,categories88897
series66663,categories88898
series66663,categories88899
series66664,categories88894
series66664,categories88900
series66664,categories88901
series66664,categories88902
series66665,categories88889
series66665,categories88891
series66665,categories88903
series66665,categories88904
