user00001,xxXAlejandroXxx,alejandro.correa50@hotmail.com,<5sfad654as1!
user00002,DanielKirchoff,danielroldan123@yahoo.es,165684
user00003,CamilaZzz,camijime23@gmail.com,"qleccstv15!23""#"
user00004,EmersonKiller,emerson.arboleda@unal.edu.co,juan1609
user00005,SantiagoYT,santihe150597@gmail.com,jlsfañl45
user00006,KeylaRx3060,keylasmith2@outlook.com,hs5dsgfñ
user00007,Lizzz,lizzb@hotmail.com,12345678
user00008,HankSieg,hankyjones@yahoo.com,"adsrg5ww5r8"""
user00009,Rosiee616,millerrosie@gmail.com,159487362
user00010,Yanethsita777,yaneth.david@tutanota.net,"!""$sR44)159"
user00011,AnneFrank,annemoreu@algo.com,Anne159ssQ
user00012,CelinaGod,celinaf222@germanmail.de,celinafourner1.
user00013,AlbertGod,albert.muller@gmail.de,562123120g
user00014,Hilma,hilmakoch233445@hotmail.com,mkgswio52315
user00015,YaoMing,ming.zhao@gmail.com,159256398..
